Category,Name,Price,Url
Äiá»‡n thoáº¡i di Ä‘á»™ng,"Ä‘iá»‡n thoáº¡i Google Pixel 2 XL ram 4G/64G má»›i Full Chá»©c nÄƒng, Chiáº¿n Game LiÃªn QuÃ¢n SiÃªu mÆ°á»›t",3450000,https://shopee.vn/Ä‘iá»‡n-thoáº¡i-Google-Pixel-2-XL-ram-4G-64G-má»›i-Full-Chá»©c-nÄƒng-Chiáº¿n-Game-LiÃªn-QuÃ¢n-SiÃªu-mÆ°á»›t-i.210121591.5754181332
Äiá»‡n thoáº¡i di Ä‘á»™ng,"Ä‘iá»‡n thoáº¡i Iphone 5 32G Quá»‘c táº¿ Ä‘áº¹p 99% nhÆ° má»›i, Full chá»©c nÄƒng",749000,https://shopee.vn/Ä‘iá»‡n-thoáº¡i-Iphone-5-32G-Quá»‘c-táº¿-Ä‘áº¹p-99-nhÆ°-má»›i-Full-chá»©c-nÄƒng-i.210121591.7654172852
Äiá»‡n thoáº¡i di Ä‘á»™ng,Äiá»‡n thoáº¡i iPhone 7 Quá»‘c táº¿ 128GB Má»›i 99% Báº£o HÃ nh 12 ThÃ¡ng,3990000,https://shopee.vn/Äiá»‡n-thoáº¡i-iPhone-7-Quá»‘c-táº¿-128GB-Má»›i-99-Báº£o-HÃ nh-12-ThÃ¡ng-i.260358378.4333247039
Äiá»‡n thoáº¡i di Ä‘á»™ng,"Ä‘iá»‡n thoáº¡i SONY XPERIA XA1 PLUS 2SIM ram 4G/32G má»›i ChÃ­nh Hnagx, MÃ n hÃ¬nh 5.5inh",1688000,https://shopee.vn/Ä‘iá»‡n-thoáº¡i-SONY-XPERIA-XA1-PLUS-2SIM-ram-4G-32G-má»›i-ChÃ­nh-Hnagx-MÃ n-hÃ¬nh-5.5inh-i.210121591.6361543047
Äiá»‡n thoáº¡i di Ä‘á»™ng,Äiá»‡n thoáº¡i siÃªu nhá» 2 sim láº¯p Ä‘Æ°á»£c tháº» nhá»›,158000,https://shopee.vn/Äiá»‡n-thoáº¡i-siÃªu-nhá»-2-sim-láº¯p-Ä‘Æ°á»£c-tháº»-nhá»›-i.50817933.1204021441
Äiá»‡n thoáº¡i di Ä‘á»™ng,"Ä‘iá»‡n thoáº¡i Iphone 4S 16G mÃ¡y Quá»‘c táº¿, láº¯p sim nghe gá»i, chÆ¡i Fb zalo yotube tiktok",399000,https://shopee.vn/Ä‘iá»‡n-thoáº¡i-Iphone-4S-16G-mÃ¡y-Quá»‘c-táº¿-láº¯p-sim-nghe-gá»i-chÆ¡i-Fb-zalo-yotube-tiktok-i.210121591.3854277095
Äiá»‡n thoáº¡i di Ä‘á»™ng,Äiá»‡n thoáº¡i Samsung Galaxy A20s (32GB/3GB) - HÃ£ng phÃ¢n phá»‘i chÃ­nh thá»©c,4390000,https://shopee.vn/Äiá»‡n-thoáº¡i-Samsung-Galaxy-A20s-(32GB-3GB)-HÃ£ng-phÃ¢n-phá»‘i-chÃ­nh-thá»©c-i.65589552.3111978493
Äiá»‡n thoáº¡i di Ä‘á»™ng,Äiá»‡n Thoáº¡i NOKIA 6300 6300i Main Zin ChÃ­nh HÃ£ng Äá»§ MÃ u - OHNO BH 24 ThÃ¡ng CÃ³ Pin & Sáº¡c,399000,https://shopee.vn/Äiá»‡n-Thoáº¡i-NOKIA-6300-6300i-Main-Zin-ChÃ­nh-HÃ£ng-Äá»§-MÃ u-OHNO-BH-24-ThÃ¡ng-CÃ³-Pin-Sáº¡c-i.145260315.6946226856
Äiá»‡n thoáº¡i di Ä‘á»™ng,"Ä‘iá»‡n thoáº¡i Google Pixel 3 XL ram 4G/128G má»›i ChÃ­nh hÃ£ng 2sim (1 nano sim, 1 esim), chiáº¿n PUBG/Free Fire siÃªu mÆ°á»›t",5450000,https://shopee.vn/Ä‘iá»‡n-thoáº¡i-Google-Pixel-3-XL-ram-4G-128G-má»›i-ChÃ­nh-hÃ£ng-2sim-(1-nano-sim-1-esim)-chiáº¿n-PUBG-Free-Fire-siÃªu-mÆ°á»›t-i.210121591.3554280114
Äiá»‡n thoáº¡i di Ä‘á»™ng,"Ä‘iá»‡n thoáº¡i Sony M2 - Sony Xperia M2 aqua má»›i ChÃ­nh HÃ£ng, Full Zalo Facebook Youtube Tiktok ok",699000,https://shopee.vn/Ä‘iá»‡n-thoáº¡i-Sony-M2-Sony-Xperia-M2-aqua-má»›i-ChÃ­nh-HÃ£ng-Full-Zalo-Facebook-Youtube-Tiktok-ok-i.210121591.4363629279
Äiá»‡n thoáº¡i di Ä‘á»™ng,"Ä‘iá»‡n thoáº¡i Xiaomi Redmi2 2 sim ChÃ­nh hÃ£ng má»›i, chÆ¡i Zalo FB Tiktok Youtube siÃªu mÆ°á»›t",679000,https://shopee.vn/Ä‘iá»‡n-thoáº¡i-Xiaomi-Redmi2-2-sim-ChÃ­nh-hÃ£ng-má»›i-chÆ¡i-Zalo-FB-Tiktok-Youtube-siÃªu-mÆ°á»›t-i.210121591.4454183014
Äiá»‡n thoáº¡i di Ä‘á»™ng,"Ä‘iá»‡n thoáº¡i Sony Xperia XZ ram 3G/32G má»›i, Chiáº¿n LiÃªn QuÃ¢n /PUBG ngon",1399000,https://shopee.vn/Ä‘iá»‡n-thoáº¡i-Sony-Xperia-XZ-ram-3G-32G-má»›i-Chiáº¿n-LiÃªn-QuÃ¢n-PUBG-ngon-i.210121591.3654277246
Äiá»‡n thoáº¡i di Ä‘á»™ng,Äiá»‡n thoáº¡i iPhone 7 Quá»‘c táº¿ 32GB Má»›i 99% Báº£o HÃ nh 12 ThÃ¡ng,3990000,https://shopee.vn/Äiá»‡n-thoáº¡i-iPhone-7-Quá»‘c-táº¿-32GB-Má»›i-99-Báº£o-HÃ nh-12-ThÃ¡ng-i.260358378.6733245692
Äiá»‡n thoáº¡i di Ä‘á»™ng,"Äiá»‡n thoáº¡i SAMSUNG GALAXY NOTE 5 64G má»›i, Chiáº¿n PUBG/LiÃªn QuÃ¢n mÆ°á»£t",1850000,https://shopee.vn/Äiá»‡n-thoáº¡i-SAMSUNG-GALAXY-NOTE-5-64G-má»›i-Chiáº¿n-PUBG-LiÃªn-QuÃ¢n-mÆ°á»£t-i.210121591.7954184709
Äiá»‡n thoáº¡i di Ä‘á»™ng,Äiá»‡n thoáº¡i iPhone 7 Quá»‘c táº¿ 32GB Má»›i 99% Báº£o HÃ nh 12 ThÃ¡ng,3590000,https://shopee.vn/Äiá»‡n-thoáº¡i-iPhone-7-Quá»‘c-táº¿-32GB-Má»›i-99-Báº£o-HÃ nh-12-ThÃ¡ng-i.263421178.6834502542
Äiá»‡n thoáº¡i di Ä‘á»™ng,Ä‘iá»‡n thoáº¡i Sony Xperia Z4 Ram 3G rom 32G má»›i Fullbox - ChÆ¡i Game náº·ng mÆ°á»£t,1140000,https://shopee.vn/Ä‘iá»‡n-thoáº¡i-Sony-Xperia-Z4-Ram-3G-rom-32G-má»›i-Fullbox-ChÆ¡i-Game-náº·ng-mÆ°á»£t-i.210121591.3654271172
Äiá»‡n thoáº¡i di Ä‘á»™ng,"Ä‘iá»‡n thoáº¡i Google Pixel 3 XL má»›i ChÃ­nh hÃ£ng, 128G, 2sim, CPU snap 845 8 nhÃ¢n",5450000,https://shopee.vn/Ä‘iá»‡n-thoáº¡i-Google-Pixel-3-XL-má»›i-ChÃ­nh-hÃ£ng-128G-2sim-CPU-snap-845-8-nhÃ¢n-i.210121591.3164606365
Äiá»‡n thoáº¡i di Ä‘á»™ng,[MÃ£ ELMALLCOIN hoÃ n 5% xu Ä‘Æ¡n 500K] Äiá»‡n Thoáº¡i Vsmart Bee 3 2GB/16GB - HÃ ng ChÃ­nh HÃ£ng,1379000,https://shopee.vn/-MÃ£-ELMALLCOIN-hoÃ n-5-xu-Ä‘Æ¡n-500K-Äiá»‡n-Thoáº¡i-Vsmart-Bee-3-2GB-16GB-HÃ ng-ChÃ­nh-HÃ£ng-i.193124085.6317023710
Äiá»‡n thoáº¡i di Ä‘á»™ng,"Äiá»‡n thoáº¡i Sony Xperia XZ Premium 2sim ram 4G/64G má»›i ChÃ­nh hÃ£ng, Chiáº¿n PUBG/LiÃªn QuÃ¢n mÆ°á»£t",4199000,https://shopee.vn/Äiá»‡n-thoáº¡i-Sony-Xperia-XZ-Premium-2sim-ram-4G-64G-má»›i-ChÃ­nh-hÃ£ng-Chiáº¿n-PUBG-LiÃªn-QuÃ¢n-mÆ°á»£t-i.210121591.5763636193
Äiá»‡n thoáº¡i di Ä‘á»™ng,"Ä‘iá»‡n thoáº¡i Sony Xperia Z3 ChÃ­nh hÃ£ng, Ram 3G/32G má»›i, Chiáº¿n Game PUBG/LiÃªn QuÃ¢n mÆ°á»£t",1099000,https://shopee.vn/Ä‘iá»‡n-thoáº¡i-Sony-Xperia-Z3-ChÃ­nh-hÃ£ng-Ram-3G-32G-má»›i-Chiáº¿n-Game-PUBG-LiÃªn-QuÃ¢n-mÆ°á»£t-i.210121591.4264181873
Äiá»‡n thoáº¡i di Ä‘á»™ng,"Ä‘iá»‡n thoáº¡i Sony Xperia M2 Aqua ChÃ­nh hÃ£ng má»›i, chÆ¡i Zalo Youtube Tiktok Facebook mÆ°á»£t",699000,https://shopee.vn/Ä‘iá»‡n-thoáº¡i-Sony-Xperia-M2-Aqua-ChÃ­nh-hÃ£ng-má»›i-chÆ¡i-Zalo-Youtube-Tiktok-Facebook-mÆ°á»£t-i.210121591.3663719777
Äiá»‡n thoáº¡i di Ä‘á»™ng,[MÃ£ ELMALLDEC hoÃ n 5% xu Ä‘Æ¡n 3TR] Äiá»‡n Thoáº¡i Vsmart Active 3 6GB/64GB - HÃ ng ChÃ­nh HÃ£ng,3139000,https://shopee.vn/-MÃ£-ELMALLDEC-hoÃ n-5-xu-Ä‘Æ¡n-3TR-Äiá»‡n-Thoáº¡i-Vsmart-Active-3-6GB-64GB-HÃ ng-ChÃ­nh-HÃ£ng-i.193124085.4717365643
Äiá»‡n thoáº¡i di Ä‘á»™ng,"Ä‘iá»‡n thoáº¡i Sony M2 - Sony Xperia M2 Aqua má»›i, ChÆ¡i Tiktok zalo youtube nghe gá»i",699000,https://shopee.vn/Ä‘iá»‡n-thoáº¡i-Sony-M2-Sony-Xperia-M2-Aqua-má»›i-ChÆ¡i-Tiktok-zalo-youtube-nghe-gá»i-i.210121591.5463628958
Äiá»‡n thoáº¡i di Ä‘á»™ng,"Ä‘iá»‡n thoáº¡i Sony Xperia XA1 Plus 2sim (4GB/32GB) ChÃ­nh hÃ£ng, MÃ n hÃ¬nh 5.5inch, ChÆ¡i PUBG/LIÃŠN QUÃ‚N mÆ°á»£t",1688000,https://shopee.vn/Ä‘iá»‡n-thoáº¡i-Sony-Xperia-XA1-Plus-2sim-(4GB-32GB)-ChÃ­nh-hÃ£ng-MÃ n-hÃ¬nh-5.5inch-ChÆ¡i-PUBG-LIÃŠN-QUÃ‚N-mÆ°á»£t-i.210121591.7161548410
Äiá»‡n thoáº¡i di Ä‘á»™ng,"[BÃN Láºº = GIÃ Sá»ˆ] Ä‘iá»‡n thoáº¡i Sony Xperia XZ1 (4GB/64GB) má»›i ChÃ­nh hÃ£ng, Camera siÃªu nÃ©t",1949000,https://shopee.vn/-BÃN-Láºº-GIÃ-Sá»ˆ-Ä‘iá»‡n-thoáº¡i-Sony-Xperia-XZ1-(4GB-64GB)-má»›i-ChÃ­nh-hÃ£ng-Camera-siÃªu-nÃ©t-i.210121591.3364281057
Äiá»‡n thoáº¡i di Ä‘á»™ng,Ä‘iá»‡n thoáº¡i Sony Xperia Z3 rom 32G Fullbox - ChÆ¡i Game náº·ng mÆ°á»£t,1050000,https://shopee.vn/Ä‘iá»‡n-thoáº¡i-Sony-Xperia-Z3-rom-32G-Fullbox-ChÆ¡i-Game-náº·ng-mÆ°á»£t-i.210121591.3554273804
Äiá»‡n thoáº¡i di Ä‘á»™ng,Ä‘iá»‡n thoáº¡i Sony Xperia Xz1 ram 4G/64G má»›i zin ChÃ­nh HÃ£ng,1699000,https://shopee.vn/Ä‘iá»‡n-thoáº¡i-Sony-Xperia-Xz1-ram-4G-64G-má»›i-zin-ChÃ­nh-HÃ£ng-i.210121591.3254349355
Äiá»‡n thoáº¡i di Ä‘á»™ng,"Ä‘iá»‡n thoáº¡i Sony Xperia Xzs ram 4G/64G má»›i ChÃ­nh HÃ£ng, chiáº¿n game siÃªu mÆ°á»£t",1488000,https://shopee.vn/Ä‘iá»‡n-thoáº¡i-Sony-Xperia-Xzs-ram-4G-64G-má»›i-ChÃ­nh-HÃ£ng-chiáº¿n-game-siÃªu-mÆ°á»£t-i.210121591.7454175566
Äiá»‡n thoáº¡i di Ä‘á»™ng,"Ä‘iá»‡n thoáº¡i Samsung Galaxy J7 Plus (2018) má»›i ChÃ­nh hÃ£ng, Chiáº¿n Game náº·ng siÃªu mÆ°á»£t",2090000,https://shopee.vn/Ä‘iá»‡n-thoáº¡i-Samsung-Galaxy-J7-Plus-(2018)-má»›i-ChÃ­nh-hÃ£ng-Chiáº¿n-Game-náº·ng-siÃªu-mÆ°á»£t-i.210121591.7963590205
Äiá»‡n thoáº¡i di Ä‘á»™ng,"[BÃN Láºº = GIÃ Sá»ˆ] Ä‘iá»‡n thoáº¡i Samsung Galaxy J7+ - Samsung J7 Plus ram 4G/32G má»›i ChÃ­nh HÃ£ng, Chiáº¿n PUBG/LiÃªn QuÃ¢n mÆ°á»£t",2050000,https://shopee.vn/-BÃN-Láºº-GIÃ-Sá»ˆ-Ä‘iá»‡n-thoáº¡i-Samsung-Galaxy-J7-Samsung-J7-Plus-ram-4G-32G-má»›i-ChÃ­nh-HÃ£ng-Chiáº¿n-PUBG-LiÃªn-QuÃ¢n-mÆ°á»£t-i.210121591.4663592004
Äiá»‡n thoáº¡i di Ä‘á»™ng,Äiá»‡n thoáº¡i iPhone 8 Plus Quá»‘c táº¿ 64GB Má»›i 99% Báº£o HÃ nh 12 ThÃ¡ng,7490000,https://shopee.vn/Äiá»‡n-thoáº¡i-iPhone-8-Plus-Quá»‘c-táº¿-64GB-Má»›i-99-Báº£o-HÃ nh-12-ThÃ¡ng-i.263421178.4945905512
Äiá»‡n thoáº¡i di Ä‘á»™ng,"Ä‘iá»‡n thoáº¡i OPPO F9 Pro 2sim Fullbox ram 6G/128G, má»›i ChÃ­nh HÃ£ng",2399000,https://shopee.vn/Ä‘iá»‡n-thoáº¡i-OPPO-F9-Pro-2sim-Fullbox-ram-6G-128G-má»›i-ChÃ­nh-HÃ£ng-i.210121591.4954173600
Äiá»‡n thoáº¡i di Ä‘á»™ng,"Äiá»‡n thoáº¡i SONY XPERIA XZ1 64G/ ram 4G má»›i 99%, Chiáº¿n PUBG/LiÃªn QuÃ¢n mÆ°á»£t",1549000,https://shopee.vn/Äiá»‡n-thoáº¡i-SONY-XPERIA-XZ1-64G-ram-4G-má»›i-99-Chiáº¿n-PUBG-LiÃªn-QuÃ¢n-mÆ°á»£t-i.210121591.6654173081
Äiá»‡n thoáº¡i di Ä‘á»™ng,"Ä‘iá»‡n thoáº¡i Xiaomi Redmi 4a 2sim ram 2G/16G, cÃ³ Tiáº¿ng Viá»‡t, ChÆ¡i LiÃªn QuÃ¢n mÆ°á»£t",1030000,https://shopee.vn/Ä‘iá»‡n-thoáº¡i-Xiaomi-Redmi-4a-2sim-ram-2G-16G-cÃ³-Tiáº¿ng-Viá»‡t-ChÆ¡i-LiÃªn-QuÃ¢n-mÆ°á»£t-i.210121591.4154178096
Äiá»‡n thoáº¡i di Ä‘á»™ng,"Ä‘iá»‡n thoáº¡i Google Pixel 3 XL ram 4G/128G má»›i 2sim (1 nano Sim, 1 esim) ChÃ­nh hÃ£ng, CPU Snapdragon 845 8nhÃ¢n",5499000,https://shopee.vn/Ä‘iá»‡n-thoáº¡i-Google-Pixel-3-XL-ram-4G-128G-má»›i-2sim-(1-nano-Sim-1-esim)-ChÃ­nh-hÃ£ng-CPU-Snapdragon-845-8nhÃ¢n-i.210121591.5354177867
Äiá»‡n thoáº¡i di Ä‘á»™ng,[MÃ£ ELMALLCOIN hoÃ n 5% xu Ä‘Æ¡n 500K] Äiá»‡n Thoáº¡i Vsmart Joy 3 2GB/32GB - HÃ ng ChÃ­nh HÃ£ng,1985000,https://shopee.vn/-MÃ£-ELMALLCOIN-hoÃ n-5-xu-Ä‘Æ¡n-500K-Äiá»‡n-Thoáº¡i-Vsmart-Joy-3-2GB-32GB-HÃ ng-ChÃ­nh-HÃ£ng-i.193124085.3217257878
Äiá»‡n thoáº¡i di Ä‘á»™ng,Äiá»‡n thoáº¡i iPhone 7 Plus Quá»‘c táº¿ 128GB Má»›i 99% Báº£o HÃ nh 12 ThÃ¡ng,4490000,https://shopee.vn/Äiá»‡n-thoáº¡i-iPhone-7-Plus-Quá»‘c-táº¿-128GB-Má»›i-99-Báº£o-HÃ nh-12-ThÃ¡ng-i.182375752.2894358165
Äiá»‡n thoáº¡i di Ä‘á»™ng,"Ä‘iá»‡n thoáº¡i Samsung Galaxy Note 4 Edge ram 3G/32G má»›i ChÃ­nh hÃ£ng, Chiáº¿n game PUBG/Free Fire mÆ°á»£t",1999000,https://shopee.vn/Ä‘iá»‡n-thoáº¡i-Samsung-Galaxy-Note-4-Edge-ram-3G-32G-má»›i-ChÃ­nh-hÃ£ng-Chiáº¿n-game-PUBG-Free-Fire-mÆ°á»£t-i.210121591.5263613251
Äiá»‡n thoáº¡i di Ä‘á»™ng,"Ä‘iá»‡n thoáº¡i Google Pixel 3 XL ram 4G/128G má»›i ChÃ­nh HÃ£ng, cháº¡y Chip Snapdragon 845 8 nhÃ¢n siÃªu máº¡nh",4499000,https://shopee.vn/Ä‘iá»‡n-thoáº¡i-Google-Pixel-3-XL-ram-4G-128G-má»›i-ChÃ­nh-HÃ£ng-cháº¡y-Chip-Snapdragon-845-8-nhÃ¢n-siÃªu-máº¡nh-i.210121591.6263641486
Äiá»‡n thoáº¡i di Ä‘á»™ng,"Ä‘iá»‡n thoáº¡i Samsung J6 - Samsung Galaxy J6 2018 2sim (3GB/32GB) ChÃ­nh hÃ£ng má»›i, Chiáº¿n Game mÆ°á»£t",1499000,https://shopee.vn/Ä‘iá»‡n-thoáº¡i-Samsung-J6-Samsung-Galaxy-J6-2018-2sim-(3GB-32GB)-ChÃ­nh-hÃ£ng-má»›i-Chiáº¿n-Game-mÆ°á»£t-i.210121591.3663669578
Äiá»‡n thoáº¡i di Ä‘á»™ng,Ä‘iá»‡n thoáº¡i Oppo Neo 9 (Oppo A37) 2sim ram 2G bá»™ nhá»› 32G CHÃNH HÃƒNG - camera siÃªu nÃ©t,1090000,https://shopee.vn/Ä‘iá»‡n-thoáº¡i-Oppo-Neo-9-(Oppo-A37)-2sim-ram-2G-bá»™-nhá»›-32G-CHÃNH-HÃƒNG-camera-siÃªu-nÃ©t-i.210121591.3954272718
Äiá»‡n thoáº¡i di Ä‘á»™ng,"Ä‘iá»‡n thoáº¡i Samsung Galaxy J4 (2018) má»›i ChÃ­nh HÃ£ng 2sim (2GB/16GB) mÃ n hÃ¬nh 5.5inch, camera siÃªu nÃ©t",1190000,https://shopee.vn/Ä‘iá»‡n-thoáº¡i-Samsung-Galaxy-J4-(2018)-má»›i-ChÃ­nh-HÃ£ng-2sim-(2GB-16GB)-mÃ n-hÃ¬nh-5.5inch-camera-siÃªu-nÃ©t-i.210121591.7663915348
Äiá»‡n thoáº¡i di Ä‘á»™ng,"Ä‘iá»‡n thoáº¡i Samsung Galaxy A10 2sim bá»™ nhá»› 32g, PIN 3400MAH, chÆ¡i Game siÃªu mÆ°á»£t",1998000,https://shopee.vn/Ä‘iá»‡n-thoáº¡i-Samsung-Galaxy-A10-2sim-bá»™-nhá»›-32g-PIN-3400MAH-chÆ¡i-Game-siÃªu-mÆ°á»£t-i.210121591.7854183640
Äiá»‡n thoáº¡i di Ä‘á»™ng,"Äiá»‡n thoáº¡i SAMSUNG GALAXY J7 PRO ram 3G/32G má»›i zin, Pin trÃ¢u chÆ¡i game náº·ng mÆ°á»£t",1799000,https://shopee.vn/Äiá»‡n-thoáº¡i-SAMSUNG-GALAXY-J7-PRO-ram-3G-32G-má»›i-zin-Pin-trÃ¢u-chÆ¡i-game-náº·ng-mÆ°á»£t-i.210121591.5054169148
Äiá»‡n thoáº¡i di Ä‘á»™ng,Ä‘iá»‡n thoáº¡i LG V50 ThinQ ram 6G/128G má»›i ChÃ­nh HÃ£ng má»›i zin,5399000,https://shopee.vn/Ä‘iá»‡n-thoáº¡i-LG-V50-ThinQ-ram-6G-128G-má»›i-ChÃ­nh-HÃ£ng-má»›i-zin-i.210121591.4654174782
Äiá»‡n thoáº¡i di Ä‘á»™ng,Ä‘iá»‡n thoáº¡i Oppo F9 2sim 64G má»›i Fullbox,2549000,https://shopee.vn/Ä‘iá»‡n-thoáº¡i-Oppo-F9-2sim-64G-má»›i-Fullbox-i.52785791.7646235443
Äiá»‡n thoáº¡i di Ä‘á»™ng,"Ä‘iá»‡n thoáº¡i Google Pixel 2XL 2sim (1 nano sim,1 esim) ram 4G rom 64G má»›i ChÃ­nh hÃ£ng, Chiáº¿n PUBG/Free Fire mÆ°á»›t",3550000,https://shopee.vn/Ä‘iá»‡n-thoáº¡i-Google-Pixel-2XL-2sim-(1-nano-sim-1-esim)-ram-4G-rom-64G-má»›i-ChÃ­nh-hÃ£ng-Chiáº¿n-PUBG-Free-Fire-mÆ°á»›t-i.210121591.5254185669
Äiá»‡n thoáº¡i di Ä‘á»™ng,"Äiá»‡n thoáº¡i Samsung GALAXY J7 Pro Bá»™ nhá»› 32G ram 3G má»›i Zin, Camera net",1799000,https://shopee.vn/Äiá»‡n-thoáº¡i-Samsung-GALAXY-J7-Pro-Bá»™-nhá»›-32G-ram-3G-má»›i-Zin-Camera-net-i.210121591.7054183014
Äiá»‡n thoáº¡i di Ä‘á»™ng,"[Ráº» VÃ´ Äá»‹ch] Ä‘iá»‡n thoáº¡i Samsung Galaxy J6 2018 2sim ram 3G bá»™ nhá»› 32G má»›i, Camera siÃªu nÃ©t",1450000,https://shopee.vn/-Ráº»-VÃ´-Äá»‹ch-Ä‘iá»‡n-thoáº¡i-Samsung-Galaxy-J6-2018-2sim-ram-3G-bá»™-nhá»›-32G-má»›i-Camera-siÃªu-nÃ©t-i.210121591.4263577991
Äiá»‡n thoáº¡i di Ä‘á»™ng,"Ä‘iá»‡n thoáº¡i Samsung Galaxy J6 (2018) ChÃ­nh hÃ£ng 2sim ram 3G rom 32G, Chiáº¿n PUBG/Free Fire mÆ°á»£t",1499000,https://shopee.vn/Ä‘iá»‡n-thoáº¡i-Samsung-Galaxy-J6-(2018)-ChÃ­nh-hÃ£ng-2sim-ram-3G-rom-32G-Chiáº¿n-PUBG-Free-Fire-mÆ°á»£t-i.210121591.3763667543
Äiá»‡n thoáº¡i di Ä‘á»™ng,MÃ¡y tÃ­nh báº£ng Amazon Fire HD8 32GB 2020 - PhiÃªn báº£n nÃ¢ng cáº¥p má»›i nháº¥t,2100000,https://shopee.vn/MÃ¡y-tÃ­nh-báº£ng-Amazon-Fire-HD8-32GB-2020-PhiÃªn-báº£n-nÃ¢ng-cáº¥p-má»›i-nháº¥t-i.20070079.3743391443
Äiá»‡n thoáº¡i di Ä‘á»™ng,MÃ¡y Ä‘á»c sÃ¡ch kindle paperwhite gen 3 4GB táº·ng kÃ¨m cover,2100000,https://shopee.vn/MÃ¡y-Ä‘á»c-sÃ¡ch-kindle-paperwhite-gen-3-4GB-táº·ng-kÃ¨m-cover-i.20070079.1023558153
Äiá»‡n thoáº¡i di Ä‘á»™ng,MÃ¡y Ä‘á»c sÃ¡ch Kindle Voyage used mÃ¡y Ä‘áº¹p,1900000,https://shopee.vn/MÃ¡y-Ä‘á»c-sÃ¡ch-Kindle-Voyage-used-mÃ¡y-Ä‘áº¹p-i.92936184.1790713097
Äiá»‡n thoáº¡i di Ä‘á»™ng,ğŸ MÃ¡y tÃ­nh báº£ng Apple Ipad 4 Fullbox mÃ n 2K (Wifi+4G),2488000,https://shopee.vn/ğŸ-MÃ¡y-tÃ­nh-báº£ng-Apple-Ipad-4-Fullbox-mÃ n-2K-(Wifi-4G)-i.204574220.4909329070
Äiá»‡n thoáº¡i di Ä‘á»™ng,MÃ¡y Äá»c SÃ¡ch Kobo MÃ¡y Äáº¹p CÃ³ Chá»©ng Tá»« Nguá»“n Gá»‘c Xuáº¥t Xá»© Nháº­t Báº£n,1050000,https://shopee.vn/MÃ¡y-Äá»c-SÃ¡ch-Kobo-MÃ¡y-Äáº¹p-CÃ³-Chá»©ng-Tá»«-Nguá»“n-Gá»‘c-Xuáº¥t-Xá»©-Nháº­t-Báº£n-i.50756834.2889695149
Äiá»‡n thoáº¡i di Ä‘á»™ng,MÃ¡y tÃ­nh báº£ng ipad 2 32/16Gb chÃ­nh hÃ£ng báº£n Wifi - táº·ng kÃ¨m phá»¥ kiá»‡n há»— trá»£ táº£i á»©ng dá»¥ng - báº£o hÃ nh dÃ i 6-12 thÃ¡ng,399000,https://shopee.vn/MÃ¡y-tÃ­nh-báº£ng-ipad-2-32-16Gb-chÃ­nh-hÃ£ng-báº£n-Wifi-táº·ng-kÃ¨m-phá»¥-kiá»‡n-há»—-trá»£-táº£i-á»©ng-dá»¥ng-báº£o-hÃ nh-dÃ i-6-12-thÃ¡ng-i.203317301.6448663362
Äiá»‡n thoáº¡i di Ä‘á»™ng,iPad 4 CHÃNH HÃƒNG APPLE FULL HD Báº£n wifi 16GB BH 6 thÃ¡ng 1 Ä‘á»•i 1 táº¡i nhÃ  trong 30 ngÃ y,2350000,https://shopee.vn/iPad-4-CHÃNH-HÃƒNG-APPLE-FULL-HD-Báº£n-wifi-16GB-BH-6-thÃ¡ng-1-Ä‘á»•i-1-táº¡i-nhÃ -trong-30-ngÃ y-i.18525093.4709711628
Äiá»‡n thoáº¡i di Ä‘á»™ng,MÃ¡y tÃ­nh báº£ng Samsung Galaxy Tab Pro 8.4 T320 T321 - CÃ³ báº£n há»— trá»£ sim nghe gá»i,1688000,https://shopee.vn/MÃ¡y-tÃ­nh-báº£ng-Samsung-Galaxy-Tab-Pro-8.4-T320-T321-CÃ³-báº£n-há»—-trá»£-sim-nghe-gá»i-i.49282974.6854134485
Äiá»‡n thoáº¡i di Ä‘á»™ng,[MÃ£ ELMALLDEC hoÃ n 5% xu Ä‘Æ¡n 3TR] MÃ¡y TÃ­nh Báº£ng Apple iPad Gen 8 2020 32GB wifi - HÃ ng ChÃ­nh HÃ£ng,9710000,https://shopee.vn/-MÃ£-ELMALLDEC-hoÃ n-5-xu-Ä‘Æ¡n-3TR-MÃ¡y-TÃ­nh-Báº£ng-Apple-iPad-Gen-8-2020-32GB-wifi-HÃ ng-ChÃ­nh-HÃ£ng-i.288286284.3163939407
Äiá»‡n thoáº¡i di Ä‘á»™ng,"[Mua 1 táº·ng 8]MÃ¡y tÃ­nh báº£ng Asus Zenpad z10 táº·ng bao da, cÆ°á»ng lá»±c, Ä‘áº¿ dá»±ng, dÃ¡n 3 lá»›p",3157440,https://shopee.vn/-Mua-1-táº·ng-8-MÃ¡y-tÃ­nh-báº£ng-Asus-Zenpad-z10-táº·ng-bao-da-cÆ°á»ng-lá»±c-Ä‘áº¿-dá»±ng-dÃ¡n-3-lá»›p-i.18675286.2330106087
Äiá»‡n thoáº¡i di Ä‘á»™ng,"MÃ¡y Ä‘á»c sÃ¡ch Kindle Basic 2019 - All-new-kindle 2019 cÃ³ Ä‘Ã¨n ná»n, mÃ n hÃ¬nh 6â€™â€™ chá»‘ng khÃºc xáº¡ Ã¡nh sÃ¡ng, nghe Audible, 4GB",1600000,https://shopee.vn/MÃ¡y-Ä‘á»c-sÃ¡ch-Kindle-Basic-2019-All-new-kindle-2019-cÃ³-Ä‘Ã¨n-ná»n-mÃ n-hÃ¬nh-6â€™â€™-chá»‘ng-khÃºc-xáº¡-Ã¡nh-sÃ¡ng-nghe-Audible-4GB-i.26003850.3138039152
Äiá»‡n thoáº¡i di Ä‘á»™ng,MÃ¡y Ä‘á»c sÃ¡ch Kindle paperwhite gen 4 new nguyÃªn seal 10th 2019,2800000,https://shopee.vn/MÃ¡y-Ä‘á»c-sÃ¡ch-Kindle-paperwhite-gen-4-new-nguyÃªn-seal-10th-2019-i.92936184.7911743990
Äiá»‡n thoáº¡i di Ä‘á»™ng,"MÃ¡y tÃ­nh báº£ng Ipad 2 xÃ i 3G/wifi má»›i zin, mÃ n hÃ¬nh 9.7inch",1240000,https://shopee.vn/MÃ¡y-tÃ­nh-báº£ng-Ipad-2-xÃ i-3G-wifi-má»›i-zin-mÃ n-hÃ¬nh-9.7inch-i.11171175.4647745019
Äiá»‡n thoáº¡i di Ä‘á»™ng,MÃ¡y Äá»c SÃ¡ch Kindle Paperwhite CÅ© MÃ¡y Tráº§y CÃ³ Chá»©ng Tá»« Xuáº¥t Xá»© Nháº­t Má»¹,1000000,https://shopee.vn/MÃ¡y-Äá»c-SÃ¡ch-Kindle-Paperwhite-CÅ©-MÃ¡y-Tráº§y-CÃ³-Chá»©ng-Tá»«-Xuáº¥t-Xá»©-Nháº­t-Má»¹-i.50756834.2032653475
Äiá»‡n thoáº¡i di Ä‘á»™ng,"MÃ¡y tÃ­nh báº£ng Gtab Lite (New) 2020 Android 9, Láº¯p sim nghe gá»i 4G táº·ng kÃ¨m nhiá»u quÃ ",1988000,https://shopee.vn/MÃ¡y-tÃ­nh-báº£ng-Gtab-Lite-(New)-2020-Android-9-Láº¯p-sim-nghe-gá»i-4G-táº·ng-kÃ¨m-nhiá»u-quÃ -i.204574220.4755326186
Äiá»‡n thoáº¡i di Ä‘á»™ng,"MÃ¡y tÃ­nh báº£ng Ipad 4 4G/wifi Full chá»©c nÄƒng, mÃ n hÃ¬nh 9.7inch",1249000,https://shopee.vn/MÃ¡y-tÃ­nh-báº£ng-Ipad-4-4G-wifi-Full-chá»©c-nÄƒng-mÃ n-hÃ¬nh-9.7inch-i.11171175.4847738675
Äiá»‡n thoáº¡i di Ä‘á»™ng,iPad Air 2 (Wifi + 4G) 16GB /32GB /64GB ChÃ­nh HÃ£ng - Zin Äáº¹p 99% - MÃ¡y má»ng - MÃ n Ä‘áº¹p - M0BILE999,5268000,https://shopee.vn/iPad-Air-2-(Wifi-4G)-16GB-32GB-64GB-ChÃ­nh-HÃ£ng-Zin-Äáº¹p-99-MÃ¡y-má»ng-MÃ n-Ä‘áº¹p-M0BILE999-i.22490660.2121646042
Äiá»‡n thoáº¡i di Ä‘á»™ng,[Win10 + BÃºt Wacom] MÃ¡y tÃ­nh báº£ng 2 in 1 Lenovo Thinkpad Helix 2 SSD.,5190000,https://shopee.vn/-Win10-BÃºt-Wacom-MÃ¡y-tÃ­nh-báº£ng-2-in-1-Lenovo-Thinkpad-Helix-2-SSD.-i.25990212.6043729819
Äiá»‡n thoáº¡i di Ä‘á»™ng,MÃ¡y Ä‘á»c sÃ¡ch Kindle PaperWhite gen 4 (10th) chÃ­nh hÃ£ng - NguyÃªn seal má»›i 100%,2500000,https://shopee.vn/MÃ¡y-Ä‘á»c-sÃ¡ch-Kindle-PaperWhite-gen-4-(10th)-chÃ­nh-hÃ£ng-NguyÃªn-seal-má»›i-100--i.28828868.7252729643
Äiá»‡n thoáº¡i di Ä‘á»™ng,[MÃ£ ELMALLDEC hoÃ n 5% xu Ä‘Æ¡n 3TR] MÃ¡y TÃnh Báº£ng HUAWEI Matepad T8 2G/32G- Tháº» nhá»› ngoÃ i 512GB,3140000,https://shopee.vn/-MÃ£-ELMALLDEC-hoÃ n-5-xu-Ä‘Æ¡n-3TR-MÃ¡y-TÃnh-Báº£ng-HUAWEI-Matepad-T8-2G-32G-Tháº»-nhá»›-ngoÃ i-512GB-i.93963889.3735021741
Äiá»‡n thoáº¡i di Ä‘á»™ng,MÃY TÃNH Báº¢NG SAMSUNG TABLETS ZA668,2490000,https://shopee.vn/MÃY-TÃNH-Báº¢NG-SAMSUNG-TABLETS-ZA668-i.116626882.1782412887
Äiá»‡n thoáº¡i di Ä‘á»™ng,[Táº·ng bao da ] MÃ¡y Ä‘á»c sÃ¡ch kindle paperwhite 3 tráº¯ng hÃ ng used mÃ¡y Ä‘áº¹p ( cÃ³ Ä‘Ã¨n ná»n ),1700000,https://shopee.vn/-Táº·ng-bao-da-MÃ¡y-Ä‘á»c-sÃ¡ch-kindle-paperwhite-3-tráº¯ng-hÃ ng-used-mÃ¡y-Ä‘áº¹p-(-cÃ³-Ä‘Ã¨n-ná»n-)-i.92936184.5625538942
Äiá»‡n thoáº¡i di Ä‘á»™ng,MÃ¡y tÃ­nh báº£ng apple ipad mini 2 Rentina 7.9 inh chÃ­nh hÃ£ng 32/16gb há»— trá»£ báº£o hÃ nh 12 thÃ¡ng,1285000,https://shopee.vn/MÃ¡y-tÃ­nh-báº£ng-apple-ipad-mini-2-Rentina-7.9-inh-chÃ­nh-hÃ£ng-32-16gb-há»—-trá»£-báº£o-hÃ nh-12-thÃ¡ng-i.203317301.4952265828
Äiá»‡n thoáº¡i di Ä‘á»™ng,"MÃ¡y tÃ­nh báº£ng Apple Ipad 2 báº£n 3G/Wifi má»›i zin, Full chá»©c nÄƒng",1240000,https://shopee.vn/MÃ¡y-tÃ­nh-báº£ng-Apple-Ipad-2-báº£n-3G-Wifi-má»›i-zin-Full-chá»©c-nÄƒng-i.11171175.5747737795
Äiá»‡n thoáº¡i di Ä‘á»™ng,"MÃ¡y Ä‘á»c sÃ¡ch Kindle Paperwhite Gen 4 (10th), mÃ n hÃ¬nh 6'' 300PPI, Darkmode, chá»‘ng nÆ°á»›c, audible, bá»™ nhá»› 8-32GB",2400000,https://shopee.vn/MÃ¡y-Ä‘á»c-sÃ¡ch-Kindle-Paperwhite-Gen-4-(10th)-mÃ n-hÃ¬nh-6''-300PPI-Darkmode-chá»‘ng-nÆ°á»›c-audible-bá»™-nhá»›-8-32GB-i.26003850.3425711158
Äiá»‡n thoáº¡i di Ä‘á»™ng,iPad Air 1 - 16/ 32/ 64Gb (Wifi + 4G) - Zin Äáº¹p 99% NhÆ° Má»›i (BH 6 thÃ¡ng),3890000,https://shopee.vn/iPad-Air-1-16-32-64Gb-(Wifi-4G)-Zin-Äáº¹p-99-NhÆ°-Má»›i-(BH-6-thÃ¡ng)-i.4670967.748920100
Äiá»‡n thoáº¡i di Ä‘á»™ng,[MÃ£ ELMALLDEC hoÃ n 5% xu Ä‘Æ¡n 3TR] MÃ¡y TÃ­nh Báº£ng Samsung Galaxy Tab A7 (3GB/64GB) 2020 - HÃ ng ChÃ­nh HÃ£ng,7990000,https://shopee.vn/-MÃ£-ELMALLDEC-hoÃ n-5-xu-Ä‘Æ¡n-3TR-MÃ¡y-TÃ­nh-Báº£ng-Samsung-Galaxy-Tab-A7-(3GB-64GB)-2020-HÃ ng-ChÃ­nh-HÃ£ng-i.4398251.7658442140
Äiá»‡n thoáº¡i di Ä‘á»™ng,MÃ¡y TÃ­nh Báº£ng Samsung Galaxy Tab 4 7.0 (SM-T231) - CÅ©,979000,https://shopee.vn/MÃ¡y-TÃ­nh-Báº£ng-Samsung-Galaxy-Tab-4-7.0-(SM-T231)-CÅ©-i.99502023.3940846491
Äiá»‡n thoáº¡i di Ä‘á»™ng,ğŸ MÃ¡y tÃ­nh báº£ng Samsung Tab A 8.0 Knox báº£n Má»¹ (Wifi+4G),2088000,https://shopee.vn/ğŸ-MÃ¡y-tÃ­nh-báº£ng-Samsung-Tab-A-8.0-Knox-báº£n-Má»¹-(Wifi-4G)-i.204574220.7909462734
Äiá»‡n thoáº¡i di Ä‘á»™ng,[Táº·ng bao da]MÃ¡y Ä‘á»c sÃ¡ch Kindle paperwhite gen 2 hÃ ng cÅ© mÃ¡y Ä‘áº¹p( cÃ³ Ä‘Ã¨n ná»n),1330000,https://shopee.vn/-Táº·ng-bao-da-MÃ¡y-Ä‘á»c-sÃ¡ch-Kindle-paperwhite-gen-2-hÃ ng-cÅ©-mÃ¡y-Ä‘áº¹p(-cÃ³-Ä‘Ã¨n-ná»n)-i.92936184.1541659708
Äiá»‡n thoáº¡i di Ä‘á»™ng,iPad Mini 2 (Wifi + 4G) 16G /32G /64G /128GB ChÃ­nh HÃ£ng - Zin Äáº¹p 99% MÃ n Retina siÃªu Ä‘áº¹p - MÃ¡y nhá» gá»n - MOBILE999,3468000,https://shopee.vn/iPad-Mini-2-(Wifi-4G)-16G-32G-64G-128GB-ChÃ­nh-HÃ£ng-Zin-Äáº¹p-99-MÃ n-Retina-siÃªu-Ä‘áº¹p-MÃ¡y-nhá»-gá»n-MOBILE999-i.22490660.2153002231
Äiá»‡n thoáº¡i di Ä‘á»™ng,"ğŸ MÃ¡y tÃ­nh báº£ng Gtab Book 12 cáº¥u hÃ¬nh khá»§ng, há»— trá»£ bÃ n phÃ­m (Wifi+4G)",3488000,https://shopee.vn/ğŸ-MÃ¡y-tÃ­nh-báº£ng-Gtab-Book-12-cáº¥u-hÃ¬nh-khá»§ng-há»—-trá»£-bÃ n-phÃ­m-(Wifi-4G)-i.204574220.6509437312
Äiá»‡n thoáº¡i di Ä‘á»™ng,MÃ¡y tÃ­nh báº£ng Samsung Galaxy Tab S6 Lite Táº·ng kÃ¨m Bao da Book Cover HÃ ng chÃ­nh hÃ£ng,7990000,https://shopee.vn/MÃ¡y-tÃ­nh-báº£ng-Samsung-Galaxy-Tab-S6-Lite-Táº·ng-kÃ¨m-Bao-da-Book-Cover-HÃ ng-chÃ­nh-hÃ£ng-i.55194587.4737664202
Äiá»‡n thoáº¡i di Ä‘á»™ng,"MÃ¡y tÃ­nh báº£ng Xiaomi MiPad 2 Windows + CÆ°á»ng lá»±c, á»‘p lÆ°ng.",2890000,https://shopee.vn/MÃ¡y-tÃ­nh-báº£ng-Xiaomi-MiPad-2-Windows-CÆ°á»ng-lá»±c-á»‘p-lÆ°ng.-i.25990212.1771189107
Äiá»‡n thoáº¡i di Ä‘á»™ng,MÃ¡y TÃ­nh Báº£ng iPad 3 - 16G/ 32G/ 64Gb  (Wifi + 3G) - Zin Äáº¹p 99% - Pin cá»±c trÃ¢u - MÃ n Rentina sáº¯c nÃ©t - Ram 1G /chip A5X,2090000,https://shopee.vn/MÃ¡y-TÃ­nh-Báº£ng-iPad-3-16G-32G-64Gb-(Wifi-3G)-Zin-Äáº¹p-99-Pin-cá»±c-trÃ¢u-MÃ n-Rentina-sáº¯c-nÃ©t-Ram-1G-chip-A5X-i.4670967.739208305
Äiá»‡n thoáº¡i di Ä‘á»™ng,MÃ¡y Ä‘á»c sÃ¡ch All-new Kindle 10th Generation - 2019 (4GB/8GB) NEW 100%,2075000,https://shopee.vn/MÃ¡y-Ä‘á»c-sÃ¡ch-All-new-Kindle-10th-Generation-2019-(4GB-8GB)-NEW-100--i.155124804.2614137753
Äiá»‡n thoáº¡i di Ä‘á»™ng,iPad Air 1 (Wifi + 4G) 16GB /32GB /64GB ChÃ­nh HÃ£ng - Zin Äáº¹p 99% - MÃ n Ä‘áº¹p - Pin trÃ¢u - MOBILE999,3768000,https://shopee.vn/iPad-Air-1-(Wifi-4G)-16GB-32GB-64GB-ChÃ­nh-HÃ£ng-Zin-Äáº¹p-99-MÃ n-Ä‘áº¹p-Pin-trÃ¢u-MOBILE999-i.22490660.1334861088
Äiá»‡n thoáº¡i di Ä‘á»™ng,"MÃ¡y tÃ­nh báº£ng Masstel Tab 7 MÃ n hÃ¬nh 7 inch, Rom 8Gb + Táº·ng kÃ¨m bao da , Má»›i Fullbox 100%",869000,https://shopee.vn/MÃ¡y-tÃ­nh-báº£ng-Masstel-Tab-7-MÃ n-hÃ¬nh-7-inch-Rom-8Gb-Táº·ng-kÃ¨m-bao-da-Má»›i-Fullbox-100--i.27662376.4847222822
Äiá»‡n thoáº¡i di Ä‘á»™ng,MÃ¡y TÃ­nh Báº£ng iPad 2 - 16G/ 32G/ 64Gb  (Wifi + 3G) - Zin Äáº¹p 99% - Táº·ng Ä‘áº§y Ä‘á»§ phá»¥ kiá»‡n - MÃ n 9.7 inch - Ram 512Mb / A5,1690000,https://shopee.vn/MÃ¡y-TÃ­nh-Báº£ng-iPad-2-16G-32G-64Gb-(Wifi-3G)-Zin-Äáº¹p-99-Táº·ng-Ä‘áº§y-Ä‘á»§-phá»¥-kiá»‡n-MÃ n-9.7-inch-Ram-512Mb-A5-i.4670967.532126570
Äiá»‡n thoáº¡i di Ä‘á»™ng,MÃ¡y TÃ­nh Báº£ng iPad Air 2 (4G + Wifi) 16Gb / 32Gb / 64Gb / 128Gb - Zin Äáº¹p 99% - CÃ³ VÃ¢n Tay / Ram 2Gb / Chip A8X 3 nhÃ¢n,4990000,https://shopee.vn/MÃ¡y-TÃ­nh-Báº£ng-iPad-Air-2-(4G-Wifi)-16Gb-32Gb-64Gb-128Gb-Zin-Äáº¹p-99-CÃ³-VÃ¢n-Tay-Ram-2Gb-Chip-A8X-3-nhÃ¢n-i.4670967.988595562
Äiá»‡n thoáº¡i di Ä‘á»™ng,[CHUYÃŠN GAME + BAO DA] MÃ¡y tÃ­nh báº£ng Asus ZenPad Z10 Zin Likenew 99%,3188000,https://shopee.vn/-CHUYÃŠN-GAME-BAO-DA-MÃ¡y-tÃ­nh-báº£ng-Asus-ZenPad-Z10-Zin-Likenew-99--i.42806741.1515794973
Äiá»‡n thoáº¡i di Ä‘á»™ng,[WIN 10 + ANDROID] MÃ¡y tÃ­nh báº£ng Xiaomi Mipad 2 cháº¡y Windows 10/Android Zin Likenew 99%,2888000,https://shopee.vn/-WIN-10-ANDROID-MÃ¡y-tÃ­nh-báº£ng-Xiaomi-Mipad-2-cháº¡y-Windows-10-Android-Zin-Likenew-99--i.42806741.2308794929
Äiá»‡n thoáº¡i di Ä‘á»™ng,MÃ¡y tÃ­nh báº£ng Samsung Galaxy Tab S7 / Tab S7+ [ CHÃNH HÃƒNG NGUYÃŠN SEAL ],15990000,https://shopee.vn/MÃ¡y-tÃ­nh-báº£ng-Samsung-Galaxy-Tab-S7-Tab-S7-CHÃNH-HÃƒNG-NGUYÃŠN-SEAL--i.48406301.6850444074
Äiá»‡n thoáº¡i di Ä‘á»™ng,"MÃ¡y Ä‘á»c sÃ¡ch Kindle Oasis 1 (8th) Ä‘i kÃ¨m Charging cover, cÃ³ phÃ­m chuyá»ƒn trang, nghe Audible, mÃ n 6inch 300PPI",3800000,https://shopee.vn/MÃ¡y-Ä‘á»c-sÃ¡ch-Kindle-Oasis-1-(8th)-Ä‘i-kÃ¨m-Charging-cover-cÃ³-phÃ­m-chuyá»ƒn-trang-nghe-Audible-mÃ n-6inch-300PPI-i.26003850.4825615887
Äiá»‡n thoáº¡i di Ä‘á»™ng,MÃ¡y tÃ­nh báº£ng Apple Ipad 2 chÃ­nh hÃ£ng cÃ²n báº£o hÃ nh,399000,https://shopee.vn/MÃ¡y-tÃ­nh-báº£ng-Apple-Ipad-2-chÃ­nh-hÃ£ng-cÃ²n-báº£o-hÃ nh-i.45192298.5408684564
Äiá»‡n thoáº¡i di Ä‘á»™ng,KINDLE FIRE HD 10 Ä‘á»i má»›i nháº¥t 2020 táº·ng kÃ¨m á»‘p lÆ°ng â¤ï¸,3350000,https://shopee.vn/KINDLE-FIRE-HD-10-Ä‘á»i-má»›i-nháº¥t-2020-táº·ng-kÃ¨m-á»‘p-lÆ°ng-â¤ï¸-i.68756947.2020497787
Äiá»‡n thoáº¡i di Ä‘á»™ng,"[Mua 1 táº·ng 8]Asus Zenpad z8s táº·ng bao da, cÆ°á»ng lá»±c, Ä‘áº¿ dá»±ng, dÃ¡n 3 lá»›p, tienganh123, luyenthi123, khÄƒn lau, free ship",2277440,https://shopee.vn/-Mua-1-táº·ng-8-Asus-Zenpad-z8s-táº·ng-bao-da-cÆ°á»ng-lá»±c-Ä‘áº¿-dá»±ng-dÃ¡n-3-lá»›p-tienganh123-luyenthi123-khÄƒn-lau-free-ship-i.18675286.2401875449
Äiá»‡n thoáº¡i di Ä‘á»™ng,"ğŸ MÃ¡y tÃ­nh báº£ng Gtab Pro New cáº¥u hÃ¬nh tá»‘t, má»Ÿ khÃ³a khuÃ´n máº·t (Wifi+4G)",3188000,https://shopee.vn/ğŸ-MÃ¡y-tÃ­nh-báº£ng-Gtab-Pro-New-cáº¥u-hÃ¬nh-tá»‘t-má»Ÿ-khÃ³a-khuÃ´n-máº·t-(Wifi-4G)-i.204574220.4449151236
Äiá»‡n thoáº¡i di Ä‘á»™ng,MÃ¡y TÃ­nh Báº£ng iPad Mini 2 - 16/ 32/ 64/ 128Gb (4G + Wifi) - Zin Äáº¹p 99% - Full Phá»¥ Kiá»‡n,3390000,https://shopee.vn/MÃ¡y-TÃ­nh-Báº£ng-iPad-Mini-2-16-32-64-128Gb-(4G-Wifi)-Zin-Äáº¹p-99-Full-Phá»¥-Kiá»‡n-i.4670967.883960876
Äiá»‡n thoáº¡i di Ä‘á»™ng,MÃ¡y Äá»c SÃ¡ch Kindle Basic MÃ¡y Äáº¹p CÃ³ Chá»©ng Tá»« Nguá»“n Gá»‘c Xuáº¥t Xá»© Nháº­t Báº£n,950000,https://shopee.vn/MÃ¡y-Äá»c-SÃ¡ch-Kindle-Basic-MÃ¡y-Äáº¹p-CÃ³-Chá»©ng-Tá»«-Nguá»“n-Gá»‘c-Xuáº¥t-Xá»©-Nháº­t-Báº£n-i.50756834.5103473480
Äiá»‡n thoáº¡i di Ä‘á»™ng,âš¡ï¸CHÃNH HÃƒNGâš¡ï¸Sáº¡c dá»± phÃ²ng WK WP-161 10000mAh chÃ­nh hÃ£ng,195000,https://shopee.vn/âš¡ï¸CHÃNH-HÃƒNGâš¡ï¸Sáº¡c-dá»±-phÃ²ng-WK-WP-161-10000mAh-chÃ­nh-hÃ£ng-i.308033616.5359390984
Äiá»‡n thoáº¡i di Ä‘á»™ng,Pin dá»± phÃ²ng 10000mAh gen3  PLM13ZM báº£n sáº¡c nhanh 2019 | BH 3 ThÃ¡ng,229000,https://shopee.vn/Pin-dá»±-phÃ²ng-10000mAh-gen3-PLM13ZM-báº£n-sáº¡c-nhanh-2019-BH-3-ThÃ¡ng-i.299252.7606584200
Äiá»‡n thoáº¡i di Ä‘á»™ng,Sáº¡c dá»± phÃ²ngâš¡ï¸CHÃNH HÃƒNGâš¡ï¸WK WP-161 10000mAh chÃ­nh hÃ£ng,215000,https://shopee.vn/Sáº¡c-dá»±-phÃ²ngâš¡ï¸CHÃNH-HÃƒNGâš¡ï¸WK-WP-161-10000mAh-chÃ­nh-hÃ£ng-i.227714995.5258947901
Äiá»‡n thoáº¡i di Ä‘á»™ng,Sáº¡c dá»± phÃ²ng cao cáº¥p hoco db12 plus 13000 mAh chÃ­nh hÃ£ng (BH 1 nÄƒm),192500,https://shopee.vn/Sáº¡c-dá»±-phÃ²ng-cao-cáº¥p-hoco-db12-plus-13000-mAh-chÃ­nh-hÃ£ng-(BH-1-nÄƒm)-i.204250982.4238727370
Äiá»‡n thoáº¡i di Ä‘á»™ng,"Sáº¡c dá»± phÃ²ng Xiaomi Gen 3 chÃ­nh hÃ£ng 10.000 mAh (2 cá»•ng usb,sáº¡c nhanh 18w)",283800,https://shopee.vn/Sáº¡c-dá»±-phÃ²ng-Xiaomi-Gen-3-chÃ­nh-hÃ£ng-10.000-mAh-(2-cá»•ng-usb-sáº¡c-nhanh-18w)-i.204250982.7337398764
Äiá»‡n thoáº¡i di Ä‘á»™ng,Pin 18650 5000mAh 4.2V Pin Sáº¡c Dá»± PhÃ²ng /Xe Ä‘iá»‡n/Laptop....Cháº¥t lÆ°á»£ng siÃªu tá»‘t KhÃ´ng hÃ i lÃ²ng cÃ³ thá»ƒ tráº£ láº¡i,17000,https://shopee.vn/Pin-18650-5000mAh-4.2V-Pin-Sáº¡c-Dá»±-PhÃ²ng-Xe-Ä‘iá»‡n-Laptop....Cháº¥t-lÆ°á»£ng-siÃªu-tá»‘t-KhÃ´ng-hÃ i-lÃ²ng-cÃ³-thá»ƒ-tráº£-láº¡i-i.148098717.6413424176
Äiá»‡n thoáº¡i di Ä‘á»™ng,Pin Cell Pin 18650-4000mah 4.2V  9.62WH,17000,https://shopee.vn/Pin-Cell-Pin-18650-4000mah-4.2V-9.62WH-i.63797842.1231493919
Äiá»‡n thoáº¡i di Ä‘á»™ng,[CHÃNH HÃƒNG] Sáº¡c Dá»± PhÃ²ng KhÃ´ng DÃ¢y Hoco J50 10000mah - Báº£o HÃ nh ChÃ­nh HÃ£ng 12 ThÃ¡ng,269000,https://shopee.vn/-CHÃNH-HÃƒNG-Sáº¡c-Dá»±-PhÃ²ng-KhÃ´ng-DÃ¢y-Hoco-J50-10000mah-Báº£o-HÃ nh-ChÃ­nh-HÃ£ng-12-ThÃ¡ng-i.253531419.5960340203
Äiá»‡n thoáº¡i di Ä‘á»™ng,Sáº¡c dá»± phÃ²ng âš¡ï¸CHÃNH HÃƒNGâš¡ï¸ Hoco CJ1B-30.000mAh,379000,https://shopee.vn/Sáº¡c-dá»±-phÃ²ng-âš¡ï¸CHÃNH-HÃƒNGâš¡ï¸-Hoco-CJ1B-30.000mAh-i.262365196.6845153818
Äiá»‡n thoáº¡i di Ä‘á»™ng,ViÃªn pin tiá»ƒu AA hoáº·c AAA cho tivi Ä‘iá»u hÃ²a nÃ³ng láº¡nh Ä‘iá»u khiá»ƒn Ä‘a nÄƒng,1299,https://shopee.vn/ViÃªn-pin-tiá»ƒu-AA-hoáº·c-AAA-cho-tivi-Ä‘iá»u-hÃ²a-nÃ³ng-láº¡nh-Ä‘iá»u-khiá»ƒn-Ä‘a-nÄƒng-i.122300760.1915638110
Äiá»‡n thoáº¡i di Ä‘á»™ng,Sáº¡c Dá»± PhÃ²ng KhÃ´ng DÃ¢y 10000mah Borofone BT31 - Há»— Trá»£ Sáº¡c Nhanh PD+QC - Báº£o HÃ nh ChÃ­nh HÃ£ng 12 ThÃ¡ng,268000,https://shopee.vn/Sáº¡c-Dá»±-PhÃ²ng-KhÃ´ng-DÃ¢y-10000mah-Borofone-BT31-Há»—-Trá»£-Sáº¡c-Nhanh-PD-QC-Báº£o-HÃ nh-ChÃ­nh-HÃ£ng-12-ThÃ¡ng-i.135955812.7861255220
Äiá»‡n thoáº¡i di Ä‘á»™ng,âœ”ï¸âœ”ï¸CHÃNH HÃƒNGâœ”ï¸âœ”ï¸Sáº¡c Dá»± PhÃ²ng Hoco BDY02 - . Dung LÆ°á»£ng 10.000 mAh,215000,https://shopee.vn/âœ”ï¸âœ”ï¸CHÃNH-HÃƒNGâœ”ï¸âœ”ï¸Sáº¡c-Dá»±-PhÃ²ng-Hoco-BDY02-.-Dung-LÆ°á»£ng-10.000-mAh-i.227714995.7946870085
Äiá»‡n thoáº¡i di Ä‘á»™ng,[CHÃNH HÃƒNG] Sáº¡c Dá»± PhÃ²ng KiÃªm ÄÃ¨n Led SiÃªu SÃ¡ng Hoco B27 15000mAh,328000,https://shopee.vn/-CHÃNH-HÃƒNG-Sáº¡c-Dá»±-PhÃ²ng-KiÃªm-ÄÃ¨n-Led-SiÃªu-SÃ¡ng-Hoco-B27-15000mAh-i.308033616.5160283203
Äiá»‡n thoáº¡i di Ä‘á»™ng,"Sáº¡c dá»± phÃ²ng Keli dung lÆ°á»£ng chuáº©n 10000mah, khÃ´ng nÃ³ng khi sáº¡c, dÃ¹ng Ä‘Æ°á»£c nhiá»u dÃ²ng mÃ¡y khÃ¡c nhau",179000,https://shopee.vn/Sáº¡c-dá»±-phÃ²ng-Keli-dung-lÆ°á»£ng-chuáº©n-10000mah-khÃ´ng-nÃ³ng-khi-sáº¡c-dÃ¹ng-Ä‘Æ°á»£c-nhiá»u-dÃ²ng-mÃ¡y-khÃ¡c-nhau-i.79442695.3963701775
Äiá»‡n thoáº¡i di Ä‘á»™ng,âœ”CHÃNH HÃƒNGâœ”Pin Sáº¡c Dá»± PhÃ²ng HOCO KhÃ´ng DÃ¢y  Sáº C NHANH PD 18W J63 10.000mAh,345000,https://shopee.vn/âœ”CHÃNH-HÃƒNGâœ”Pin-Sáº¡c-Dá»±-PhÃ²ng-HOCO-KhÃ´ng-DÃ¢y-Sáº C-NHANH-PD-18W-J63-10.000mAh-i.308378250.5255374541
Äiá»‡n thoáº¡i di Ä‘á»™ng,Sáº¡c dá»± phÃ²ng 20000mAh 2 Cá»•ng Há»— Trá»£ Sáº¡c Nhanh ( Báº£o HÃ nh 12 ThÃ¡ng ),125000,https://shopee.vn/Sáº¡c-dá»±-phÃ²ng-20000mAh-2-Cá»•ng-Há»—-Trá»£-Sáº¡c-Nhanh-(-Báº£o-HÃ nh-12-ThÃ¡ng-)-i.101491712.3624540009
Äiá»‡n thoáº¡i di Ä‘á»™ng,"Sáº¡c dá»± phÃ²ng Energizer 10,000mAh /3.7V Li-Polymer - UE10042",339000,https://shopee.vn/Sáº¡c-dá»±-phÃ²ng-Energizer-10-000mAh-3.7V-Li-Polymer-UE10042-i.19287904.2206177033
Äiá»‡n thoáº¡i di Ä‘á»™ng,ÄÃˆN LED XIAOMI Báº¢N NÃ‚NG Cáº¤P | ÄÃ¨n Led USB Xiaomi version 2,59900,https://shopee.vn/ÄÃˆN-LED-XIAOMI-Báº¢N-NÃ‚NG-Cáº¤P-ÄÃ¨n-Led-USB-Xiaomi-version-2-i.6470337.128824620
Äiá»‡n thoáº¡i di Ä‘á»™ng,Sáº¡c Dá»± PhÃ²ng Romoss Sense 4 10000mah ChÃ­nh HÃ£ng Check Code - BH 1 nÄƒm,205000,https://shopee.vn/Sáº¡c-Dá»±-PhÃ²ng-Romoss-Sense-4-10000mah-ChÃ­nh-HÃ£ng-Check-Code-BH-1-nÄƒm-i.8563637.225188954
Äiá»‡n thoáº¡i di Ä‘á»™ng,ğŸŒŸCHÃNH HÃƒNGğŸŒŸPin Sáº¡c Dá»± PhÃ²ng HOCO KhÃ´ng DÃ¢y Sáº C NHANH PD 18W J63 10.000mAh,365000,https://shopee.vn/ğŸŒŸCHÃNH-HÃƒNGğŸŒŸPin-Sáº¡c-Dá»±-PhÃ²ng-HOCO-KhÃ´ng-DÃ¢y-Sáº C-NHANH-PD-18W-J63-10.000mAh-i.305670427.7255595513
Äiá»‡n thoáº¡i di Ä‘á»™ng,âœ”ï¸âœ”ï¸CHÃNH HÃƒNGâœ”ï¸âœ”ï¸Pin sáº¡c dá»± phÃ²ng J66 10.000 mAh,235000,https://shopee.vn/âœ”ï¸âœ”ï¸CHÃNH-HÃƒNGâœ”ï¸âœ”ï¸Pin-sáº¡c-dá»±-phÃ²ng-J66-10.000-mAh-i.308033616.6953779503
Äiá»‡n thoáº¡i di Ä‘á»™ng,Box sáº¡c dá»± phÃ²ng 1 pin (khÃ´ng pin),13000,https://shopee.vn/Box-sáº¡c-dá»±-phÃ²ng-1-pin-(khÃ´ng-pin)-i.790351.43427298
Äiá»‡n thoáº¡i di Ä‘á»™ng,"(Ráº» Nháº¥t Shopee) Pin Sáº¡c Dá»± PhÃ²ng Samsung 10000mAh âš¡ï¸ FREE SHIP âš¡ï¸ 2 Cá»•ng Sáº¡c USB, Báº£o HÃ nh 6 ThÃ¡ng",250000,https://shopee.vn/(Ráº»-Nháº¥t-Shopee)-Pin-Sáº¡c-Dá»±-PhÃ²ng-Samsung-10000mAh-âš¡ï¸-FREE-SHIP-âš¡ï¸-2-Cá»•ng-Sáº¡c-USB-Báº£o-HÃ nh-6-ThÃ¡ng-i.295449011.7160900220
Äiá»‡n thoáº¡i di Ä‘á»™ng,"Sáº¡c dá»± phÃ²ng khÃ´ng dÃ¢y HOCO J56 (Há»— trá»£ sáº¡c nhanh 18W),báº£o hÃ nh 1 nÄƒm",281250,https://shopee.vn/Sáº¡c-dá»±-phÃ²ng-khÃ´ng-dÃ¢y-HOCO-J56-(Há»—-trá»£-sáº¡c-nhanh-18W)-báº£o-hÃ nh-1-nÄƒm-i.204250982.3838992648
Äiá»‡n thoáº¡i di Ä‘á»™ng,âœ”CHÃNH HÃƒNGâœ”Pin Sáº¡c Dá»± PhÃ²ng HOCO KhÃ´ng DÃ¢y Sáº C NHANH PD 18W J63 10.000mAh,345000,https://shopee.vn/âœ”CHÃNH-HÃƒNGâœ”Pin-Sáº¡c-Dá»±-PhÃ²ng-HOCO-KhÃ´ng-DÃ¢y-Sáº C-NHANH-PD-18W-J63-10.000mAh-i.92582159.4655380366
Äiá»‡n thoáº¡i di Ä‘á»™ng,ğŸŒŸCHÃNH HÃƒNG ğŸŒŸSáº¡c Dá»± PhÃ²ng Hoco J59 SiÃªu Má»ng 10000mAh/20000mAh {Báº¢O HÃ€NH CHÃNH HÃƒNG},195000,https://shopee.vn/ğŸŒŸCHÃNH-HÃƒNG-ğŸŒŸSáº¡c-Dá»±-PhÃ²ng-Hoco-J59-SiÃªu-Má»ng-10000mAh-20000mAh-Báº¢O-HÃ€NH-CHÃNH-HÃƒNG--i.182406025.7356849477
Äiá»‡n thoáº¡i di Ä‘á»™ng,Pin sáº¡c dá»± phÃ²ng ANKER PowerCore Select 10000mAh - A1223,600000,https://shopee.vn/Pin-sáº¡c-dá»±-phÃ²ng-ANKER-PowerCore-Select-10000mAh-A1223-i.16461019.2524401110
Äiá»‡n thoáº¡i di Ä‘á»™ng,"Sáº¡c dá»± phÃ²ng Hoco B35E 30.000 mAh,3 cá»•ng sáº¡c ra (chÃ­nh hÃ£ng,Bh 1 nÄƒm)",307800,https://shopee.vn/Sáº¡c-dá»±-phÃ²ng-Hoco-B35E-30.000-mAh-3-cá»•ng-sáº¡c-ra-(chÃ­nh-hÃ£ng-Bh-1-nÄƒm)-i.204250982.6739715016
Äiá»‡n thoáº¡i di Ä‘á»™ng,Sáº¡c Dá»± PhÃ²ng KhÃ´ng DÃ¢y 18W Hoco J63 Há»— Trá»£ Sáº¡c Nhanh PD 18W - Báº£o HÃ nh ChÃ­nh HÃ£ng 12 ThÃ¡ng,345000,https://shopee.vn/Sáº¡c-Dá»±-PhÃ²ng-KhÃ´ng-DÃ¢y-18W-Hoco-J63-Há»—-Trá»£-Sáº¡c-Nhanh-PD-18W-Báº£o-HÃ nh-ChÃ­nh-HÃ£ng-12-ThÃ¡ng-i.269124475.5946274409
Äiá»‡n thoáº¡i di Ä‘á»™ng,ğŸŒŸCHÃNH HÃƒNG ğŸŒŸPin DÆ°Ì£ PhoÌ€ng Xiaomi Redmi 10000mAh Standard Edition - {Báº¢O HÃ€NH Äá»”I Má»šI},289000,https://shopee.vn/ğŸŒŸCHÃNH-HÃƒNG-ğŸŒŸPin-DÆ°Ì£-PhoÌ€ng-Xiaomi-Redmi-10000mAh-Standard-Edition-Báº¢O-HÃ€NH-Äá»”I-Má»šI--i.182406025.6156430951
Äiá»‡n thoáº¡i di Ä‘á»™ng,ğŸŒŸCHÃNH HÃƒNG ğŸŒŸPin Sáº¡c Dá»± PhÃ²ng sáº¡c nhanh Baseus PPDML -01 18W 10.000MAH Sáº C NHANH PD {Báº¢O HÃ€NH CHÃNH HÃƒNG},288000,https://shopee.vn/ğŸŒŸCHÃNH-HÃƒNG-ğŸŒŸPin-Sáº¡c-Dá»±-PhÃ²ng-sáº¡c-nhanh-Baseus-PPDML-01-18W-10.000MAH-Sáº C-NHANH-PD-Báº¢O-HÃ€NH-CHÃNH-HÃƒNG--i.182406025.5856846762
Äiá»‡n thoáº¡i di Ä‘á»™ng,Sáº¡c dá»± phÃ²ng YOOBAO YB-6024 10000mAh (Táº¶NG TÃšI + CÃP Sáº C ) - ChÃ­nh HÃ£ng,249000,https://shopee.vn/Sáº¡c-dá»±-phÃ²ng-YOOBAO-YB-6024-10000mAh-(Táº¶NG-TÃšI-CÃP-Sáº C-)-ChÃ­nh-HÃ£ng-i.74291781.1245408196
Äiá»‡n thoáº¡i di Ä‘á»™ng,"Sáº¡c dá»± phÃ²ng Xiaomi gen 3 20.000 mAh hÃ ng chÃ­nh hÃ£ng,BH 1 nÄƒm",446900,https://shopee.vn/Sáº¡c-dá»±-phÃ²ng-Xiaomi-gen-3-20.000-mAh-hÃ ng-chÃ­nh-hÃ£ng-BH-1-nÄƒm-i.204250982.7745257475
Äiá»‡n thoáº¡i di Ä‘á»™ng,BAO SILICON Sáº C Dá»° PHÃ’NG XIAOMI (20.000 GEN 2C - 10.000 GEN 2S ) | Vá» Báº¢O Vá»† SILICON Sáº C Dá»° PHÃ’NG XIAOMI GEN 2S,18000,https://shopee.vn/BAO-SILICON-Sáº C-Dá»°-PHÃ’NG-XIAOMI-(20.000-GEN-2C-10.000-GEN-2S-)-Vá»-Báº¢O-Vá»†-SILICON-Sáº C-Dá»°-PHÃ’NG-XIAOMI-GEN-2S-i.6470337.191966886
Äiá»‡n thoáº¡i di Ä‘á»™ng,âœ”ï¸âœ”ï¸CHÃNH HÃƒNG âœ”ï¸âœ”ï¸Sáº¡c dá»± phÃ²ng chÃ­nh hÃ£ng WP-129 Pin 10.000MAH,188000,https://shopee.vn/âœ”ï¸âœ”ï¸CHÃNH-HÃƒNG-âœ”ï¸âœ”ï¸Sáº¡c-dá»±-phÃ²ng-chÃ­nh-hÃ£ng-WP-129-Pin-10.000MAH-i.227714995.6346865456
Äiá»‡n thoáº¡i di Ä‘á»™ng,"Sáº¡c dá»± phÃ²ng Remax Rpp 119 cá»•ng type c in/out (chÃ­nh hÃ£ng,BH 1 nÄƒm)",158400,https://shopee.vn/Sáº¡c-dá»±-phÃ²ng-Remax-Rpp-119-cá»•ng-type-c-in-out-(chÃ­nh-hÃ£ng-BH-1-nÄƒm)-i.204250982.3461522085
Äiá»‡n thoáº¡i di Ä‘á»™ng,Sáº¡c dá»± phÃ²ng Baseus 18W 10000mAh tá»‘c Ä‘á»™ nhanh káº¿t ná»‘i cá»•ng USB3.0 cho iPhone Xiaomi,319000,https://shopee.vn/Sáº¡c-dá»±-phÃ²ng-Baseus-18W-10000mAh-tá»‘c-Ä‘á»™-nhanh-káº¿t-ná»‘i-cá»•ng-USB3.0-cho-iPhone-Xiaomi-i.131195741.7608926328
Äiá»‡n thoáº¡i di Ä‘á»™ng,Pin Sáº¡c Dá»± PhÃ²ng Xiaomi 10000mAh Gen 3 New 2020 Sáº¡c Nhanh QC 3.0 Báº£o hÃ nh 6 thÃ¡ng 1 Ä‘á»•i 1,305000,https://shopee.vn/Pin-Sáº¡c-Dá»±-PhÃ²ng-Xiaomi-10000mAh-Gen-3-New-2020-Sáº¡c-Nhanh-QC-3.0-Báº£o-hÃ nh-6-thÃ¡ng-1-Ä‘á»•i-1-i.320352743.4358412621
Äiá»‡n thoáº¡i di Ä‘á»™ng,Sáº¡c dá»± phÃ²ng ğŸ”‹CHÃNH HÃƒNGğŸ”‹ wk wp-129 chÃ­nh 10000 mAh,189000,https://shopee.vn/Sáº¡c-dá»±-phÃ²ng-ğŸ”‹CHÃNH-HÃƒNGğŸ”‹-wk-wp-129-chÃ­nh-10000-mAh-i.275676514.6545054038
Äiá»‡n thoáº¡i di Ä‘á»™ng,Pin sáº¡c dá»± phÃ²ng Essager cho Ä‘iá»‡n thoáº¡i di Ä‘á»™ng 10000mAh,113400,https://shopee.vn/Pin-sáº¡c-dá»±-phÃ²ng-Essager-cho-Ä‘iá»‡n-thoáº¡i-di-Ä‘á»™ng-10000mAh-i.82364307.4907865426
Äiá»‡n thoáº¡i di Ä‘á»™ng,MÃ“C KHÃ“A Sáº C Dá»° PHÃ’NG CAO Cáº¤P Sá»¬ Dá»¤NG NÄ‚NG LÆ¯á»¢NG Máº¶T TRá»œI 3 IN 1,149500,https://shopee.vn/MÃ“C-KHÃ“A-Sáº C-Dá»°-PHÃ’NG-CAO-Cáº¤P-Sá»¬-Dá»¤NG-NÄ‚NG-LÆ¯á»¢NG-Máº¶T-TRá»œI-3-IN-1-i.333611382.7361517799
Äiá»‡n thoáº¡i di Ä‘á»™ng,âœ”CHÃNH HÃƒNGâœ”Pin Sáº¡c Dá»± PhÃ²ng 10000mAh J66 THIáº¾T Káº¾ THá»œI THÆ¯á»¢NG {Báº¢O HÃ€NH Äá»”I Má»šI},255000,https://shopee.vn/âœ”CHÃNH-HÃƒNGâœ”Pin-Sáº¡c-Dá»±-PhÃ²ng-10000mAh-J66-THIáº¾T-Káº¾-THá»œI-THÆ¯á»¢NG-Báº¢O-HÃ€NH-Äá»”I-Má»šI--i.308378250.6255371698
Äiá»‡n thoáº¡i di Ä‘á»™ng,"Sáº¡c dá»± phÃ²ng Keli dung lÆ°á»£ng chuáº©n 10000mah, sáº¡c nhanh, khÃ´ng nÃ³ng, dÃ¹ng Ä‘Æ°á»£c nhiá»u dÃ²ng mÃ¡y khÃ¡c nhau",175000,https://shopee.vn/Sáº¡c-dá»±-phÃ²ng-Keli-dung-lÆ°á»£ng-chuáº©n-10000mah-sáº¡c-nhanh-khÃ´ng-nÃ³ng-dÃ¹ng-Ä‘Æ°á»£c-nhiá»u-dÃ²ng-mÃ¡y-khÃ¡c-nhau-i.231818866.7158040681
Äiá»‡n thoáº¡i di Ä‘á»™ng,Pin Sáº¡c Dá»± PhÃ²ng 10.000mAh Quick Charge 3.0 18W VIVAN VPB-G10 Sáº¡c SiÃªu Nhanh Chuáº©n PD - Báº¢O HÃ€NH 1 Äá»”I 1 CHÃNH HÃƒNG,375000,https://shopee.vn/Pin-Sáº¡c-Dá»±-PhÃ²ng-10.000mAh-Quick-Charge-3.0-18W-VIVAN-VPB-G10-Sáº¡c-SiÃªu-Nhanh-Chuáº©n-PD-Báº¢O-HÃ€NH-1-Äá»”I-1-CHÃNH-HÃƒNG-i.211058136.3123454562
Äiá»‡n thoáº¡i di Ä‘á»™ng,âœ”CHÃNH HÃƒNGâœ”Pin Sáº¡c Dá»± PhÃ²ng TÃ­ch Há»£p Sáº¡c KhÃ´ng DÃ¢y Hoco J50  10000 Mah âœ”Há»— Trá»£ Sáº¡c Nhanh,268000,https://shopee.vn/âœ”CHÃNH-HÃƒNGâœ”Pin-Sáº¡c-Dá»±-PhÃ²ng-TÃ­ch-Há»£p-Sáº¡c-KhÃ´ng-DÃ¢y-Hoco-J50-10000-Mah-âœ”Há»—-Trá»£-Sáº¡c-Nhanh-i.274481594.5245674958
Äiá»‡n thoáº¡i di Ä‘á»™ng,[ CHÃNH HÃƒNG ] Sáº¡c Dá»± PhÃ²ng 2 cá»•ng sáº¡c in/out - Hoco. J42 High power âœ”10.000mAh | Ba maÌ€u sÄƒÌc tuÌ€y choÌ£n | Bh 6 ThaÌng,255000,https://shopee.vn/-CHÃNH-HÃƒNG-Sáº¡c-Dá»±-PhÃ²ng-2-cá»•ng-sáº¡c-in-out-Hoco.-J42-High-power-âœ”10.000mAh-Ba-maÌ€u-sÄƒÌc-tuÌ€y-choÌ£n-Bh-6-ThaÌng-i.322114108.7457508588
Äiá»‡n thoáº¡i di Ä‘á»™ng,âœ”ï¸CHÃNH HÃƒNGâœ”ï¸ Sáº¡c Dá»± PhÃ²ng Hoco J52 Báº£n NÃ¢ng Cáº¥p âœ”10000mAh âœ”20000mAhâœ”ï¸SiÃªu Má»ng âœ”ï¸ Sáº¡c 2 Thiáº¿t Bá»‹ CÃ¹ng LÃºc,195000,https://shopee.vn/âœ”ï¸CHÃNH-HÃƒNGâœ”ï¸-Sáº¡c-Dá»±-PhÃ²ng-Hoco-J52-Báº£n-NÃ¢ng-Cáº¥p-âœ”10000mAh-âœ”20000mAhâœ”ï¸SiÃªu-Má»ng-âœ”ï¸-Sáº¡c-2-Thiáº¿t-Bá»‹-CÃ¹ng-LÃºc-i.227714995.6530734542
Äiá»‡n thoáº¡i di Ä‘á»™ng,"Sáº¡c Dá»± PhÃ²ng 10000mAh Mini Remax RPP-153 2 Cá»•ng Sáº¡c VÃ o, 1 Cá»•ng Sáº¡c Ra - BH 1 NÄƒm",145000,https://shopee.vn/Sáº¡c-Dá»±-PhÃ²ng-10000mAh-Mini-Remax-RPP-153-2-Cá»•ng-Sáº¡c-VÃ o-1-Cá»•ng-Sáº¡c-Ra-BH-1-NÄƒm-i.8563637.5700166866
Äiá»‡n thoáº¡i di Ä‘á»™ng,Sáº¡c dá»± phÃ²ng iWALK Link Me Plus khÃ´ng cáº§n cÃ¡p Lithium ion 3300mAh 5000mAh/3.7V 18.5Wh- DBL5000L,199000,https://shopee.vn/Sáº¡c-dá»±-phÃ²ng-iWALK-Link-Me-Plus-khÃ´ng-cáº§n-cÃ¡p-Lithium-ion-3300mAh-5000mAh-3.7V-18.5Wh-DBL5000L-i.108095056.2689855417
Äiá»‡n thoáº¡i di Ä‘á»™ng,[DEAL HOT] Sáº¡c dá»± phÃ²ng tÃ­ch há»£p mÃ n hÃ¬nh Led Dung LÆ°á»£ng 10000MAH Remax WK-16,150000,https://shopee.vn/-DEAL-HOT-Sáº¡c-dá»±-phÃ²ng-tÃ­ch-há»£p-mÃ n-hÃ¬nh-Led-Dung-LÆ°á»£ng-10000MAH-Remax-WK-16-i.304853378.5054509843
